name,phone,whatsapp,address,district,districtCn,website,facebook,instagram,services,notes,rating,isVerified,isActive
"旺角寵物美容店","63136193","","旺角銀城廣場","Yau Tsim Mong","油尖旺","","","","","",0,false,true
"Pawsmetic Spa & Wellness 醫護級寵物美容","35005820","","九龍油麻地渡船街32-36號富利來商業大廈地下D-F鋪","Yau Tsim Mong","油尖旺","","https://www.facebook.com/pawsmetic/?locale=zh_HK","https://www.instagram.com/pawsmetic/","","",0,false,true
"FOR PAWS","91210092","","柯士甸道松山大廈地下3鋪","Yau Tsim Mong","油尖旺","","https://www.facebook.com/ForPawsHK/","https://www.instagram.com/forpawshk/","","",0,false,true
"Infinite無限寵","91642666","","大角咀櫸樹街10號富多來新邨一期G樓54室","Yau Tsim Mong","油尖旺","","https://www.facebook.com/InfinitePetSalon","https://www.instagram.com/infinitepetsalon/","","",0,false,true
"JayBuddy Pet Salon","66519938","","佐敦文𠥔街38號文景樓地下","Yau Tsim Mong","油尖旺","","","https://www.instagram.com/jaybuddy_petsalon/","","",0,false,true
"老友狗狗寵物美容中心","31040399","","深水埗塘尾鴨寮街7號","Yau Tsim Mong","油尖旺","","https://www.facebook.com/dogsbuddy6199","https://www.instagram.com/dogs_buddy_grooming_centre/","","",0,false,true
"田園寵物店Countryside Pet Shop","31889901","","尖沙咀柯士甸道154-156號花園大廈地鋪3號","Yau Tsim Mong","油尖旺","","https://www.facebook.com/bigeyespet/","https://www.instagram.com/countryside_petshop/","","",0,false,true
"漾 寵物工房","25708208","","銅鑼灣屈臣道11號","Others","","","","https://www.instagram.com/bee_pet_grooming/","","",0,false,true
"FLUFFY LITTLE THINGS","23689833","","灣仔駱克道294號","Wan Chai","灣仔","","https://www.facebook.com/FluffyLittleThingsHK/","https://www.instagram.com/fluffy_little_things/","","",0,false,true
"Meow Me Diary","96339323","","油麻地上海街62號AVA1樓","Yau Tsim Mong","油尖旺","","https://www.facebook.com/meowmediary/","https://www.instagram.com/meowmediary/","","",0,false,true
"Pet's Lagoon (Mid-levels， H.K.) ","90218212","","半山摩羅廟街31-37號G樓4號鋪","Central and Western","中西區","","https://www.facebook.com/petslagoonhk/","","","",0,false,true
"天之城寵物美容中心","23813489","","大角咀埃華街119號大益樓地下M3鋪","Yau Tsim Mong","油尖旺","","https://www.facebook.com/laputerpetbeuatycentre/","","","",0,false,true
"PET HK - Mid Levels Edition","63601010","","半山卑利街80-82號金莉大廈G樓2號鋪","Others","","","","https://www.instagram.com/pet_official.hk","","",0,false,true
"I Love Pet Pet","26270715","","大角咀橡樹街17號","Yau Tsim Mong","油尖旺","","","","","",0,false,true
"InifinitX Pet Service","63922239","","何文田梭椏道19號地下B鋪","Yau Tsim Mong","油尖旺","","https://www.facebook.com/inifinitxpetservice","https://www.instagram.com/inifinitx_pet_service/","","",0,false,true
"Good Grooming","51988702","","北角北角匯一期一樓102鋪","東部","東部","","https://www.facebook.com/goodgroominghk/","https://www.instagram.com/goodgrooming/","","",0,false,true
"Bob's Paradise","25292544","","中環伊利近街2號地下","Central and Western","中西區","","https://www.facebook.com/bobsparadisecentral/","","","",0,false,true
"夢夢寵物美容DreamDreamPetGrooming","98539339","","大角咀必發道83號Solo25樓02室","Yau Tsim Mong","油尖旺","","https://www.facebook.com/propetsalon","","","",0,false,true
"Nat & Pet","46785005","","西營盤第三街142號A鋪","西區","西區","","https://www.facebook.com/natnpet/?locale=zh_HK","https://www.instagram.com/natnpet/","","",0,false,true
"Beast Charlie寵物美容","66065103","","銅鑼灣駱克道525號4樓","Others","","","https://www.facebook.com/beastbb520/?locale=zh_HK","https://www.instagram.com/beastbb520/","","",0,false,true
"Pettoland","23960100","","長沙灣青山道201號青薈1樓","Sham Shui Po","深水埗","","","https://www.instagram.com/petpettoland/","","",0,false,true
"Ruff & Fetch 拉夫寵物生活(JORDAN)","23480263","","佐敦光涌街7號The Paseo","Others","","","","","","",0,false,true
"PETAPEER","28138838","","銅鑼灣宏安道2號宏輝大廈地下12號鋪","Others","","","https://www.facebook.com/petapeer/?locale=zh_HK","https://www.instagram.com/petapeer_hk/","","",0,false,true
"Hong Kong Doggie Houses","27129986","","何文田太平道5號G樓5號鋪","Yau Tsim Mong","油尖旺","","https://www.facebook.com/HKDH1981/","https://www.instagram.com/explore/locations/184646131568911/hong-kong-doggie-house/","","",0,false,true
"Soapy Pawsie","97260920","","西營盤干諾道西158號富康樓地下","西區","西區","","https://www.facebook.com/soapy.pawsie/","https://www.instagram.com/soapy.pawsie/","","",0,false,true
"HKPET Service","91008871","","深水埗大南街194號地下","Yau Tsim Mong","油尖旺","","","https://www.instagram.com/hkpet.service/","","",0,false,true
"Fantastic Dogs","36112036","","土瓜灣馬頭圍道334號地下","Kowloon City","九龍城","","https://www.facebook.com/fantasticdogshk/","https://www.instagram.com/fantasticdogs.hk/","","",0,false,true
"Pet Clean 潔寵","55169154","","土瓜灣美景街63號地下","Kowloon City","九龍城","","https://www.facebook.com/p/Pet-Clean-61555301024245/","https://www.instagram.com/petclean24?igsh=MTJxNHN3YjJjaDRvdQ==","","",0,false,true
"Little Paws","35649303","","紅磡民裕街凱旋工商中心一期1樓b2-3室","Kowloon City","九龍城","","https://www.facebook.com/LittlePawsHungHom","https://www.instagram.com/littlepaws_hunghom/","","",0,false,true
"Barber Pets","93103314","","何文田梭椏道17號","Kowloon City","九龍城","","https://www.facebook.com/p/Barber-Pets-100063905391502/?locale=uk_UA","https://www.instagram.com/barberpets_grooming/","","",0,false,true
"DnD 寵物水療(土瓜灣)","51306363","","土瓜灣木廠街2號號地下B舖","Kowloon City","九龍城","","https://www.facebook.com/p/DnD%E5%AF%B5%E7%89%A9%E6%B0%B4%E7%99%82-100063795400896/?locale=zh_HK","https://www.instagram.com/dnd_pet_spa/","","",0,false,true
"Pawsmetic Spa & Wellness 醫護級寵物美容","35005820","","九龍油麻地渡船街32-36號富利來商業大廈地下D-F舖","Yau Tsim Mong","油尖旺","","https://www.facebook.com/pawsmetic","https://www.instagram.com/pawsmetic/","","",0,false,true
"寵之洗","98486799","","何文田亞皆老街118-120A號利寶大廈地舖","Kowloon City","九龍城","","https://www.facebook.com/PetWashingHK/","https://www.instagram.com/petwashing_mk/","","",0,false,true
"Tinja Pets Beauty (Prince Edward)","90180638","","深水埗西洋菜北街213號騏昌大廈7B","Others","","","","","","",0,false,true
"Wonder Pet","98580518","","啟德新區沐泰街7號1座G樓2鋪","Kowloon City","九龍城","","https://www.facebook.com/TinjaPetsBeauty/","","","",0,false,true
"IPET SHOP - 寵物美容服務 | 寵物酒店服務 (太子)","23012309","","深水埗福華街17-25號福昇大廈地下1號舖","Yau Tsim Mong","油尖旺","","https://www.facebook.com/Ipetshop/?locale=zh_HK","https://www.instagram.com/ipet_shop_hk/","","",0,false,true
"I Love Pet Pet (土瓜灣總店)","26270777","","馬頭角土瓜灣道373號","Kowloon City","九龍城","","","https://www.instagram.com/explore/locations/40648417/i-love-pet-pet/","","",0,false,true
"犬寶寶寵物美容","28121618","","土瓜灣譚公道98號","Kowloon City","九龍城","","","","","",0,false,true
"TGIF Pet Salon","69911784","","土瓜灣美景街53號號c","Kowloon City","九龍城","","https://www.facebook.com/TGIFpetsalon/","https://www.instagram.com/explore/locations/1757718587874903/tgif-pet-salon/","","",0,false,true
"Meow Me Diary","96339323","","佐敦上海街62號AVA1樓","Yau Tsim Mong","油尖旺","","https://www.instagram.com/meowmediary/","https://www.facebook.com/meowmediary/","","",0,false,true
"Pettoland","23960100","","長沙灣青山道201號青薈一樓","Sham Shui Po","深水埗","","https://www.instagram.com/petpettoland/","https://www.facebook.com/hqdoggieland/?locale=zh_HK","","",0,false,true
"Ago's grooming (上門)","61394997","","何文田勝利道","Kowloon City","九龍城","","https://www.instagram.com/groomerago/?locale=pl&hl=am-et","https://www.facebook.com/agosgrooming/?locale=zh_HK","","",0,false,true
"老友狗狗寵物美容中心","31040399","","塘尾鴨寮街7號","Sham Shui Po","深水埗","","https://www.facebook.com/dogsbuddy6199/","https://www.instagram.com/dogs_buddy_grooming_centre/","","",0,false,true
"Dogotel & Spa - Boutique","27110019","","何文田窩打老道79D號怡安閣地下2號舖","Kowloon City","九龍城","","https://www.instagram.com/dogotel/","https://www.facebook.com/DOGOTELnSPA/?locale=zh_HK","","",0,false,true
"Pet Line 寵寵線 (佐敦店 - 設美容服務)","23233280","","佐敦柯士甸道107-109號好安樓地下D號舖","Others","","","","https://www.facebook.com/petline.petline/?locale=zh_HK","","",0,false,true
"Pet Villa HMT","98205202","","何文田自由道11號","Kowloon City","九龍城","","https://www.instagram.com/petvilla_hk/","https://www.facebook.com/PetVillahk/","","",0,false,true
"茶犬舍","66001330","","土瓜灣馬頭角道9號1樓","Kowloon City","九龍城","","https://www.instagram.com/teadoghouse/","https://www.facebook.com/teadoghouse","","",0,false,true
"The Barking Barber HK","52201135","","大角咀必發道138號","Kowloon City","九龍城","","https://www.instagram.com/barkingbarberhk/","https://www.facebook.com/thebarkingbarbers/","","",0,false,true
"寵伴工房 Mate Pet Kobo","61999615","","深水埗南昌街69號閣樓","Yau Tsim Mong","油尖旺","","https://www.instagram.com/matepetkobo/","https://www.facebook.com/%E5%AF%B5%E4%BC%B4%E5%B7%A5%E6%88%BFMate-Pet-Kobo-102050599056707/","","",0,false,true
"犬工房","22467117","","何文田太平道11號","Kowloon City","九龍城","","https://www.instagram.com/explore/locations/603390158/dogroom-quan-gong-fang/","https://www.facebook.com/dogroomhk/?locale=zh_HK","","",0,false,true
"新時尚寵物專業美容","27609112","","九龍何文田勝利道9號凱旋居地下","Kowloon City","九龍城","","","","","",0,false,true
"A+寵物專門店","27116909","","何文田自由道11號5號舖","Kowloon City","九龍城","","https://www.instagram.com/petamooo/p/C5xpptYL0sf/","https://www.facebook.com/photo.php?fbid=835556275258610&id=100064127346103&set=a.645155927631980","","",0,false,true
"狗蚊店","64666166","","尖沙咀山林道No.39號","Yau Tsim Mong","油尖旺","","https://www.instagram.com/dogdollarshop/","https://www.facebook.com/dogdollarshop/?locale=zh_HK","","",0,false,true
"Dog Romance","23830003","","九龍城啓德道35號","Kowloon City","九龍城","","https://www.instagram.com/dogromance88/","https://www.facebook.com/Dog-Romance-176529685748083/","","",0,false,true
"寵物美容工作室 Beauty Pet Studio","61122899","","土瓜灣美光街13號","Kowloon City","九龍城","","","http://www.facebook.com/beauty.pet.studio","","",0,false,true
"Cutie pets store","98017808","","土瓜灣明倫街4號A","Kowloon City","九龍城","","https://www.instagram.com/cutiepetsstorehk/","https://www.facebook.com/cutiepetsstore/","","",0,false,true
"Good Grooming","51988702","","北角北角匯一期一樓102舖","Others","","","https://www.instagram.com/goodgrooming/","https://www.facebook.com/goodgroominghk/?locale=zh_HK","","",0,false,true
"PRIVATE i Concept Store","25772239","","銅鑼灣加寧街10號一樓","Others","","","https://www.instagram.com/explore/locations/103406238533407/private-i-concept-store/","https://www.facebook.com/PRIVATEiConceptStore/?locale=zh_HK","","",0,false,true
"Feel Good Pet Shop","54480021","","土瓜灣美景街58號號 地下","Kowloon City","九龍城","","https://www.instagram.com/explore/locations/1027870967/feel-good-pet-shop/?hl=en","https://www.facebook.com/feelgoodpet/?locale=zh_HK","","",0,false,true
"Japspet 寵物美容及酒店","36209701","","銅鑼灣駱克道453號3樓 (銅鑼灣港鐵站C出口)","Others","","","https://www.instagram.com/japspet2018/","https://www.facebook.com/JapsPetGroomingService/","","",0,false,true
"Pet Pet Chu Grooming","68499981","","觀塘開源道56號 大眾工業大廈11樓","Others","","","https://www.instagram.com/explore/locations/117005764656784/pet-pet-chu-grooming/","https://www.facebook.com/petpetchugrooming/","","",0,false,true
"寵物宅 Pet Station","24799999","","屏山上章圍249號","Yuen Long","元朗","","https://www.instagram.com/explore/locations/1022205275/chong-wu-zhai-pet-station/","https://www.facebook.com/hkpetstation/?locale=zh_HK","","",0,false,true
"Beast charlie寵物美容","66065103","","銅鑼灣駱克道525號4樓","Others","","","https://www.instagram.com/beastbb520/","https://www.facebook.com/beastbb520/?locale=zh_HK","","",0,false,true
"健康之寵","67686760","","荃灣荃景圍20A號荃威花園商場號鋪","Tsuen Wan","荃灣","","https://www.instagram.com/healthy_petpet/","","","",0,false,true
"Doggie Stylist Grooming & Spa","64022663","","大角咀博學里富多來商場二期10號地鋪","Kowloon City","九龍城","","https://www.instagram.com/doggie_stylist28/","https://www.facebook.com/doggiestyle28/?locale=zh_HK","","",0,false,true
"仟仟寵物美容(上門)","97752570","","土瓜灣","Others","","","","https://m.facebook.com/people/%E4%BB%9F%E4%BB%9F%E5%AE%A0%E7%89%A9%E7%BE%8E%E5%AE%B9/100095146996836/","","",0,false,true
"犬多來寵物店","59864871","","大角咀晏架街81號富多來商場二期 一樓55-56號舖","Kowloon City","九龍城","","https://www.instagram.com/dog_come_pet/","","","",0,false,true
"Dot Dot Dog","91387331","","紅磡漆咸道北436-450號LG 5B室","Kowloon City","九龍城","","https://www.instagram.com/explore/locations/593478544124027/dot-dot-dog-hk/","https://m.facebook.com/dotdotdoghk/?profile_tab_item_selected=about","","",0,false,true
"兆和動物理療","65743111","","何文田亞皆老街100號地舖FLAT W 亞皆老街與勝利道交界皆寧大廈A座","Kowloon City","九龍城","","https://www.instagram.com/hvmcentre/","https://www.facebook.com/hvmcentre/?locale=zh_HK","","",0,false,true
"Pet's One","26989918","","九龍城賈炳達道33號曉薈地下1號舖","Kowloon City","九龍城","","https://www.instagram.com/petsoneltd/","https://www.facebook.com/petsoneltd/","","",0,false,true
"毛Mode家族寵物美容","28060919","","北角渣華道威邦商業中心地下3號舖","Others","","","https://www.instagram.com/momodefamilypetgrooming/","https://www.facebook.com/momodefamilypetgrooming/?locale=zh_HK","","",0,false,true
"Pawber Shop 毛孩髮廊","84813206","","沙田大涌橋路河畔花園D座26號舖","Sha Tin","沙田","","https://www.instagram.com/pawbershop.113/p/C1eRUHsyibI/","https://www.facebook.com/pawbershop113/?locale=zh_HK","","",0,false,true
"太子寵物美容","51100220","","土瓜灣譚公道79號號地下","Kowloon City","九龍城","","https://www.instagram.com/ppg01/","https://www.facebook.com/princepetgrooming/?locale=zh_HK","","",0,false,true
"pet secret 寵密 沙田寵物美容店","52363145","","沙田大圍道20-22號恩安樓3樓","Sha Tin","沙田","","https://www.instagram.com/pet.secret/","https://www.facebook.com/hkpetsecret/?locale=zh_HK","","",0,false,true
"Momo Paw","97810420","","火炭桂地街11/F號10-14號，華麗工業中心 11樓1111室華麗工業中心 Room 11","Others","","","https://www.instagram.com/momo.paw_pet.grooming/","https://www.facebook.com/momo.paw1111/?locale=zh_HK","","",0,false,true
"貓犬美容寵物舍","66892382","","蒲崗村道75號富祐大廈商場26號舖","Others","","","","https://www.facebook.com/profile.php?id=100094046826331#","","",0,false,true
"Sweet Heart Doggy Grooming House","23200560","","竹園雙鳳街74號","Others","","","https://www.instagram.com/explore/locations/369161553173215/sweet-heart-doggy-grooming-house/","https://www.facebook.com/profile.php?id=369161553173215&_rdr","","",0,false,true
"Joyful Pet's House寵物美容屋","35636189","","新蒲崗雙喜街19號雙喜工業大廈2/F G 室","Others","","","https://www.instagram.com/joyfulpetshouse/","https://www.facebook.com/p/Joyful-Pets-House-%E5%AF%B5%E7%89%A9%E7%BE%8E%E5%AE%B9%E5%B1%8B-100063820185190/","","",0,false,true
"寵愛之家 Love for Pets","66469112","","G/F A02， 超達工業大廈108-110 King Fuk St， San Po Kong","Others","","","https://www.instagram.com/loveforpets99/","https://www.facebook.com/p/%E5%AF%B5%E6%84%9B%E3%81%AE%E5%AE%B6-LoveforPets-100065009080478/","","",0,false,true
"皇室寵殿 Pet Palace (寵物美容pet grooming","64492567","","竹園翠鳳街8號","Others","","","https://www.instagram.com/petpalacehk/","https://www.facebook.com/petpalace.wts/","","",0,false,true
"KSPA pets beauty","52002100","","新蒲崗景福街106號太子工業大廈7樓715室 Hong Kong， Hong Kong","Others","","","","https://www.facebook.com/kspapetsbeauty","","",0,false,true
"Furry Planet 毛毛星球","52400844","","新蒲崗康強街32至34號康強洋樓A座地下4B號舖","Others","","","https://www.instagram.com/furry._.planet/","https://www.facebook.com/PrivateDogGroomer","","",0,false,true
"Universal Pet's Grooming 寰宇專業寵物美容","23456701","","北角渣華道13號渣華道13號","Others","","","","https://www.facebook.com/universalpetsgrooming/?locale=zh_HK","","",0,false,true
"皇室日式寵物美容接送","31074848","","新蒲崗仁愛街2號門口位於富源街","Others","","","https://www.instagram.com/pickup_pet_toby/","https://www.facebook.com/Petgrooming168/?locale=zh_HK","","",0,false,true
"Homey Paw 住家狗寵物美容 寵物用品 (沙田)","91325614","","沙田橫壆街1-15號好運中心3樓3105舖","Others","","","https://www.instagram.com/homeypaw/","https://www.facebook.com/homeypaw.spa/?locale=zh_HK","","",0,false,true
"O' My Pets & Spa","35685628","","榮業商業大廈 號， 65-71 Yen Chow St， Sham Shui Po","Others","","","https://www.instagram.com/omydoghk/","https://www.facebook.com/OMyPets?fref=ts#","","",0,false,true
"獅子王寵物店","23834888","","九龍仔聯合道11號號地舖","Others","","","","https://www.facebook.com/p/Lion-King-Pet-Shop-100064095756700/?locale=zh_HK","","",0,false,true
"Pet Pet","66263290","","大圍田心村58號A地下","Others","","","","","","",0,false,true
"狗久金專業寵物美容部屋","61501816","","石硤尾偉智里白田購物中心商場內G72號舖","Others","","","","https://www.facebook.com/goldendogforever","","",0,false,true
"小主子寵物美容 pet master","61966455","","葵涌石文徑地下 2B 號舖金珮樓","Others","","","","https://www.facebook.com/p/Pet-Master-100063719153075/?locale=zh_HK","","",0,false,true
"TOPONEPET","64111643","","何文田勝利道11號號","Others","","","https://www.instagram.com/toponepetshop?fbclid=IwY2xjawJTfetleHRuA2FlbQIxMAABHehLboSXl6HcwJqlxXhWv7fnGdRYVmqKW6l3IJHLDuwY--HkN5Y-yelPRg_aem_i_ZLeVLwBPk8jTOMLeIEfQ","https://www.facebook.com/TopOnePet/?locale=zh_HK","","",0,false,true
"Petholic 寵物美容店","65000420","","Shop G23， Grand Waterfront Plaza， San Ma Tau St， To Kwa Wan","Others","","","https://www.instagram.com/petholic.hk/","https://www.facebook.com/p/Petholichk-100089572412304/","","",0,false,true
"Pampered pets shop","97311608","","鍘鰂魚涌街","Others","","","","","","",0,false,true
"OK Pet Fan Club Limited 愛家心寵物有限公司Pet Grooming & Products 寵物美容及用品","23048844","","觀塘開源道55號開聯工業中心Unit 525 Block A","Others","","","https://www.instagram.com/momopetcorner/","https://www.facebook.com/momopetcorner/","","",0,false,true
"Pretty Pet Star 明星寵物美容","67389730","","1 樓， 14號 Sai Kung Tai St， Sai Kung","Others","","","https://www.instagram.com/prettypetstar/","https://www.facebook.com/prettypetstar/","","",0,false,true
"長城專業寵物美容服務","27121656","","九龍何文田勝利道26A號地下","Others","","","","","","",0,false,true
"Jana ElbVoss Pet Beauty Salon","52083198","","上環干諾道西42號高富大廈501室","Others","","","https://www.instagram.com/jana.elbvoss_petbeauty_salon","https://www.facebook.com/janaelbvosspet/","","",0,false,true
"bDOG Tokyo Dog Grooming Salon","27916555","","西貢德隆後街9號","Others","","","https://www.instagram.com/bdogtokyogroomingsalon/","https://www.facebook.com/bdog.tokyo/?locale=zh_HK","","",0,false,true
"兆和動物理療","65743111","","何文田亞皆老街100號地舖FLAT W （ 亞皆老街與勝利道交界皆寧大廈A座","Others","","","https://www.instagram.com/hvmcentre/","https://www.facebook.com/hvmcentre/?locale=zh_HK","","",0,false,true
"寵物世界美容中心","24242833","","葵芳葵富路葵涌廣場1樓 61A舖","Others","","","","","","",0,false,true
"WOW WOW Pets Beauty寵物美容專門店","94804534","","G/F， 彩華花園C座 Shop6， 351 Castle Peak Road-Castle Peak Bay， Tuen Mun","Others","","","https://www.instagram.com/wowwow_petsbeauty/","https://www.facebook.com/p/WOW-WOW-PETS-Beauty-100078397897434/?locale=zh_HK","","",0,false,true
"哆美寵物美容 More Beauty Pet Salon","57763885","","荃灣大壩街77號圓墩圍59-61號 大苑樓地舖 B1","Others","","","https://www.instagram.com/morebeautypetsalon/","https://www.facebook.com/weiyao.li.3/","","",0,false,true
"豆汀寵物美容","25617838","","北角馬寶道77號地下H舖康樂大廈","Others","","","https://www.instagram.com/sayandou_pet_house/","","","",0,false,true
"豆汀寵物美容","","","小西灣富欣道75號地下","Others","","","","","","",0,false,true
"夢工場寵物美容","36934206","","荔枝角道863號泓景臺地下1D","Others","","","","","","",0,false,true
"新凌志寵物店","24992537","","荃灣鱟地坊龍華樓15號地下","Others","","","","https://www.facebook.com/p/%E6%96%B0%E5%87%8C%E5%BF%97%E5%AF%B5%E7%89%A9%E5%BA%97New-Lenxi-Pet-Shop-100063961693599/?locale=zh_HK","","",0,false,true
"PRIVATE i PETS FW","","","Shop G29， G/F， Festival Walk， 80 Tat Chee Avenue， Kowloon Tong， Hong Kong","Others","","","https://www.instagram.com/privateipets/","https://www.facebook.com/PRIVATEiPETS/?locale=zh_HK","","",0,false,true
"PRIVATE i PETS FW","","","1/F， 10 Cleveland Street， Causeway Bay (Gloucester Road Main Entrance)","Others","","","","","","",0,false,true
"Pet Villa SYP","63943070","","西營盤第三街32號至36號三喜樓地下C鋪","Others","","","https://www.instagram.com/petvilla_hk/","https://www.facebook.com/PetVillahk#","","",0,false,true
"Pet Villa SYP","63943070","","灣仔啟光商業大廈5樓","Others","","","","","","",0,false,true
"Pet Villa SYP","98205202","","何文田自由道11號VAU Residences一樓全層","Others","","","","","","",0,false,true
"寵愛妳 Love Pets House","27778938","","大埔墟懷義街9號地下","Others","","","https://www.instagram.com/lovepetshouse_taipo/?hl=fr-ca","","","",0,false,true
"Q Cute Pet Market","52290018","","新界葵涌和宜合道10號保基大樓地下8舖","Others","","","","https://www.facebook.com/Qcutepetmarket/","","",0,false,true
"笨蕉寵物屋","54054401","","粉嶺聯和墟和泰街39號地下後舖E舖","Others","","","","https://www.facebook.com/profile.php?id=100057176120876","","",0,false,true
"D&C Pet stu dio","","","火炭坳背灣街協興工業中心","Others","","","https://www.instagram.com/dc.pets/?api=1%2F&hl=zh-cn","","","",0,false,true
"Sweet Sweet Hut Pet Grooming","25788773","","號地下， 10 Ming Yuen Western St， North Point","Others","","","","","","",0,false,true
"夠老友寵物美容店（Jack'sPetGroomingShop)","52862990","","荃灣荃景圍208號荃德花園10A 地舖","Others","","","https://www.instagram.com/jackpetgroomingshop/","https://www.facebook.com/JacksPetGroomingShop/?_rdr","","",0,false,true
"Dog Dog Come Wonderland","22624199","","Phase 3， Shop B1， Ocean Shore， Chui Ling Rd， Tiu Keng Leng","Others","","","https://www.instagram.com/dogdogcome_hk/","https://www.facebook.com/dogdogcomehk/","","",0,false,true
"Baby Pets House Ltd","57292729","","鰂魚涌芬尼街30號J號鋪海暉大廈","Others","","","https://www.instagram.com/babypetshouseltd/","https://www.facebook.com/pages/Baby-Pets-House-Ltd/605033856356685","","",0,false,true
"油塘寵物大本營","27274088","","油塘嘉榮街3-7號油塘中心嘉發商場59號地鋪","Others","","","https://www.instagram.com/pet.bin.home/","https://www.facebook.com/p/%E5%AF%B5%E7%89%A9%E5%A4%A7%E6%9C%AC%E7%87%9F-100042676557289/","","",0,false,true
"Pet minions 寵物兵團 （寵物美容、寵物用品、寵物食品）","95142899","","北角堡壘街34B","Others","","","https://www.instagram.com/petminions1?igshid=OGQ5ZDc2ODk2ZA%3D%3D","https://www.facebook.com/profile.php?id=100079192622967#","","",0,false,true
"毛Mode家族寵物美容","28060919","","北角渣華道威邦商業中心地下3號舖","Others","","","https://www.instagram.com/momodefamilypetgrooming/","https://www.facebook.com/marketfairish","","",0,false,true
"Pet'srelax 鬆馳狗寵物美容工作室","23422688","","觀塘觀塘道448-458號官塘工業中心3期10樓T室","Others","","","","https://www.facebook.com/p/Petsrelax-%E9%AC%86%E9%A6%B3%E7%8B%97%E5%AF%B5%E7%89%A9%E7%BE%8E%E5%AE%B9%E5%B7%A5%E4%BD%9C%E5%AE%A4-100063788626003/","","",0,false,true
"貓犬浴場","26300089","","馬鞍山新港城一期AB座地下2號舖","Others","","","","https://www.facebook.com/morn.pet/?locale=zh_HK","","",0,false,true
"Paw Palace","25767999","","跑馬地奕蔭街24號","Others","","","https://www.instagram.com/pawpalace?fbclid=IwY2xjawJThRBleHRuA2FlbQIxMAABHeUPC6lCtIEwT0-V9aw_vCqVSHOBBNo6ESI1m0uKmn3-oz3Cdj3faT-bLA_aem_QZ_icBukIL9udQnsX_Sj6A","https://www.facebook.com/PawPalaceHongKong","","",0,false,true
"狗狗物語","28852220","","筲箕灣筲箕灣道235號","得2.5分","得2.5分","","","https://www.facebook.com/Monogatariofpet/","","",0,false,true
"Pet n' wooo 寵物角度","66526716","","Shop C31， 2/F， 萬年工業大廈116-118 How Ming St， Kwun Tong","Others","","","https://www.instagram.com/petnwooo_hk?fbclid=IwY2xjawJThXJleHRuA2FlbQIxMAABHeVZMoeqY6WRuV_Ch4V8x7fVpu49GXxgyiuOJ1QCLZtU7kxkfH1wZ0KXjw_aem_LPnu9VdciPiLx-xsi2_bmQ","https://www.facebook.com/petnwooo/","","",0,false,true
